Unnamed: 0.2,Unnamed: 0.1,Unnamed: 0,2_party_ete_agg_time,4_party_ete_agg_time,10_party_ete_agg_time,2_party_ete_add_time
0,0,0,0.008007526397705,0.0110242366790771,0.158052921295166,0.04972720146179199
1,1,1,0.0039920806884765,0.0039918422698974,0.0081329345703125,0.043331146240234375
2,2,2,0.0,0.0040037631988525,0.0080015659332275,0.04011416435241699
3,3,3,0.0,0.0,0.0080008506774902,0.04390096664428711
4,4,4,0.0040004253387451,0.0040116310119628,0.0124557018280029,0.04134869575500488
5,5,5,0.0,0.0039870738983154,0.0079984664916992,0.04015946388244629
6,6,6,0.0029742717742919,0.0039968490600585,0.0123839378356933,0.05025625228881836
7,7,7,0.0,0.0,0.0120823383331298,0.04508781433105469
8,8,8,0.0016150474548339,0.0046954154968261,0.0119180679321289,0.039778709411621094
9,9,9,0.0,0.0035064220428466,0.0120978355407714,0.04939746856689453
10,10,10,0.0,0.0040137767791748,0.0124542713165283,0.04064607620239258
11,11,11,0.0040047168731689,0.0,0.0128724575042724,0.03676438331604004
12,12,12,0.0,0.0040390491485595,0.0120344161987304,0.03994321823120117
13,13,13,0.0,0.0039727687835693,0.015981912612915,0.04389047622680664
14,14,14,0.0040006637573242,0.0039854049682617,0.0125172138214111,0.04104423522949219
15,15,15,0.0,0.0,0.0121524333953857,0.04461503028869629
16,16,16,0.0,0.0039997100830078,0.0119166374206542,0.04038667678833008
17,17,17,0.0,0.0039966106414794,0.012056827545166,0.04491782188415527
18,18,18,0.0040864944458007,0.0,0.0081315040588378,0.040143489837646484
19,19,19,0.0,0.0039999485015869,0.0079188346862792,0.08478975296020508
20,20,20,0.0,0.0040526390075683,0.009577989578247,0.039032697677612305
21,21,21,0.0039398670196533,0.0039474964141845,0.0089712142944335,0.0341188907623291
22,22,22,0.0,0.0,0.007448673248291,0.0400996208190918
23,23,23,0.0,0.0041124820709228,0.0098879337310791,0.053072452545166016
24,24,24,0.0,0.0038895606994628,0.0101642608642578,0.03510022163391113
25,25,25,0.0039722919464111,0.0042014122009277,0.008577823638916,0.05151820182800293
26,26,26,0.0,0.0,0.0083734989166259,0.039792776107788086
27,27,27,0.0,0.0040266513824462,0.016383409500122,0.0450434684753418
28,28,28,0.0040013790130615,0.0039813518524169,0.0121302604675292,0.04901003837585449
29,29,29,0.0,0.0089285373687744,0.0080862045288085,0.0552060604095459
30,30,30,0.0,0.0020246505737304,0.0125563144683837,0.03999209403991699
31,31,31,0.0,0.004016637802124,0.0120127201080322,0.04487252235412598
32,32,32,0.0039994716644287,0.0,0.0121424198150634,0.04800271987915039
33,33,33,0.0,0.0060451030731201,0.0120081901550292,0.047153472900390625
34,34,34,0.0,0.0021703243255615,0.0124084949493408,0.04020071029663086
35,35,35,0.0039999485015869,0.0040075778961181,0.0120518207550048,0.03192496299743652
36,36,36,0.0,0.0,0.0123951435089111,0.043427228927612305
37,37,37,0.0,0.0040657520294189,0.0127043724060058,0.046103477478027344
38,38,38,0.0,0.0049567222595214,0.0115249156951904,0.04174613952636719
39,39,39,0.0039994716644287,0.0030047893524169,0.0131866931915283,0.0411376953125
40,40,40,0.0,0.0,0.0111026763916015,0.05002617835998535
41,41,41,0.0040163993835449,0.00400972366333,0.0124311447143554,0.040019989013671875
42,42,42,0.0,0.0046958923339843,0.0083568096160888,0.039832115173339844
43,43,43,0.0,0.0035059452056884,0.0126645565032958,0.05629849433898926
44,44,44,0.0,0.0,0.0119411945343017,0.04110527038574219
45,45,45,0.0039839744567871,0.0040078163146972,0.0125696659088134,0.044008493423461914
46,46,46,0.0,0.0039985179901123,0.0120115280151367,0.0418853759765625
47,47,47,0.0,0.0,0.0119993686676025,0.04468584060668945
48,48,48,0.0040042400360107,0.0040004253387451,0.0139403343200683,0.04086470603942871
49,49,49,0.0,0.0039989948272705,0.0105276107788085,0.043526649475097656
50,50,50,0.0,0.0040013790130615,0.0125229358673095,0.04130244255065918
51,51,51,0.0,0.0,0.0165762901306152,0.04637598991394043
52,52,52,0.004000186920166,0.0040004253387451,0.0127625465393066,0.050223588943481445
53,53,53,0.0,0.0040016174316406,0.0115320682525634,0.06014299392700195
54,54,54,0.0,0.0,0.0161104202270507,0.03999614715576172
55,55,55,0.0040037631988525,0.0040192604064941,0.0158851146697998,0.04979872703552246
56,56,56,0.0,0.0041286945343017,0.0125691890716552,0.04475522041320801
57,57,57,0.0030076503753662,0.0,0.0159580707550048,0.042325496673583984
58,58,58,0.0010032653808593,0.0040080547332763,0.0160038471221923,0.04085063934326172
59,59,59,0.0,0.0040187835693359,0.0155351161956787,0.04396677017211914
60,60,60,0.0,0.0039858818054199,0.0139963626861572,0.05049395561218262
61,61,61,0.0,0.0014815330505371,0.0111150741577148,0.04286456108093262
62,62,62,0.004004955291748,0.003026008605957,0.0124235153198242,0.05727195739746094
63,63,63,0.0,0.0040128231048583,0.0081903934478759,0.039644479751586914
64,64,64,0.0,0.0,0.0113496780395507,0.04182553291320801
65,65,65,0.0,0.0040223598480224,0.009333848953247,0.04017472267150879
66,66,66,0.0039994716644287,0.0039877891540527,0.0120866298675537,0.04036402702331543
67,67,67,0.0,0.0039992332458496,0.012115478515625,0.050485849380493164
68,68,68,0.0,0.0,0.0081543922424316,0.04612278938293457
69,69,69,0.004094123840332,0.0040006637573242,0.0085401535034179,0.0324251651763916
70,70,70,0.0,0.0040030479431152,0.012667179107666,0.04165792465209961
71,71,71,0.0,0.0,0.0080947875976562,0.050427913665771484
72,72,72,0.0039067268371582,0.0039975643157958,0.0090065002441406,0.05361461639404297
73,73,73,0.0,0.0039997100830078,0.007573127746582,0.048336029052734375
74,74,74,0.0,0.0039989948272705,0.0120806694030761,0.07607722282409668
75,75,75,0.0039989948272705,0.0040009021759033,0.0089023113250732,0.04687905311584473
76,76,76,0.0,0.0,0.0078580379486083,0.09999346733093262
77,77,77,0.0,0.0045187473297119,0.0080268383026123,0.06004810333251953
78,78,78,0.0045666694641113,0.0040099620819091,0.0082066059112548,0.04022812843322754
79,79,79,0.0,0.0039982795715332,0.0119729042053222,0.0946035385131836
80,80,80,0.0,0.0,0.0074508190155029,0.04021930694580078
81,81,81,0.0,0.0040116310119628,0.0095915794372558,0.05028653144836426
82,82,82,0.0035076141357421,0.0039927959442138,0.0080080032348632,0.04957270622253418
83,83,83,0.0,0.0,0.0093691349029541,0.04012632369995117
84,84,84,0.0,0.0040090084075927,0.0072813034057617,0.04044389724731445
85,85,85,0.0040054321289062,0.0039889812469482,0.0097320079803466,0.045738935470581055
86,86,86,0.0,0.0039985179901123,0.0065164566040039,0.04029107093811035
87,87,87,0.0,0.0040361881256103,0.0080001354217529,0.03636503219604492
88,88,88,0.0,0.0,0.012279987335205,0.03996872901916504
89,89,89,0.0040035247802734,0.0039803981781005,0.0082135200500488,0.04135608673095703
90,90,90,0.0,0.0039851665496826,0.0080060958862304,0.03504443168640137
91,91,91,0.0,0.0040428638458251,0.0081381797790527,0.04518294334411621
92,92,92,0.0039963722229003,0.0013999938964843,0.0089983940124511,0.04999709129333496
93,93,93,0.0,0.0030059814453125,0.010577917098999,0.05032086372375488
94,94,94,0.0,0.0040111541748046,0.0099790096282958,0.039786577224731445
95,95,95,0.0040013790130615,0.0,0.0080246925354003,0.04521441459655762
96,96,96,0.0,0.0055038928985595,0.008021593093872,0.04393815994262695
97,97,97,0.0,0.0025057792663574,0.0106284618377685,0.048311471939086914
98,98,98,0.0039987564086914,0.0040087699890136,0.0074691772460937,0.04033041000366211
99,99,99,0.0,0.0,0.0100572109222412,0.04763674736022949
100,100,100,0.0,0.0049278736114501,0.0091850757598876,0.05880284309387207
101,101,101,0.0,0.0035045146942138,0.006692886352539,0.05034041404724121
102,102,102,0.0039992332458496,0.0040066242218017,0.0080873966217041,0.04492330551147461
103,103,103,0.0,0.0,0.0079412460327148,0.04019880294799805
104,104,104,0.0,0.004000186920166,0.0081725120544433,0.03997921943664551
105,105,105,0.0040068626403808,0.0040020942687988,0.0080111026763916,0.03984212875366211
106,106,106,0.0,0.0,0.0080981254577636,0.04598069190979004
107,107,107,0.0,0.0039997100830078,0.0119035243988037,0.039839744567871094
108,108,108,0.0,0.0039987564086914,0.0092775821685791,0.04008603096008301
109,109,109,0.0039949417114257,0.0040047168731689,0.007765769958496,0.05038166046142578
110,110,110,0.0,0.0,0.0075142383575439,0.05992269515991211
111,111,111,0.0,0.0039951801300048,0.0119965076446533,0.04909968376159668
112,112,112,0.0040152072906494,0.0039994716644287,0.0081195831298828,0.03984522819519043
113,113,113,0.0,0.0040016174316406,0.0080177783966064,0.03211641311645508
114,114,114,0.0,0.0,0.0080363750457763,0.03362584114074707
115,115,115,0.0,0.0040647983551025,0.0104069709777832,0.04447221755981445
116,116,116,0.0040204524993896,0.0039420127868652,0.0060498714447021,0.041562795639038086
117,117,117,0.0,0.003990888595581,0.0116126537322998,0.04200577735900879
118,118,118,0.0,0.0,0.0055172443389892,0.1099848747253418
119,119,119,0.003962755203247,0.0040006637573242,0.0122404098510742,0.035015106201171875
120,120,120,0.0,0.0040006637573242,0.0080063343048095,0.060853004455566406
121,121,121,0.0,0.0039992332458496,0.0083870887756347,0.037743330001831055
122,122,122,0.0040528774261474,0.0,0.0079436302185058,0.04195833206176758
123,123,123,0.0,0.0040013790130615,0.0079984664916992,0.04186129570007324
124,124,124,0.0,0.0039999485015869,0.0080699920654296,0.03780508041381836
125,125,125,0.0,0.0039999485015869,0.0120584964752197,0.03878331184387207
126,126,126,0.0039472579956054,0.0,0.0080137252807617,0.07403779029846191
127,127,127,0.0,0.0040066242218017,0.0079398155212402,0.0473783016204834
128,128,128,0.0,0.0039999485015869,0.0079662799835205,0.05601191520690918
129,129,129,0.0040018558502197,0.0,0.0096480846405029,0.05976724624633789
130,130,130,0.0,0.0050110816955566,0.0111055374145507,0.04700016975402832
131,131,131,0.0,0.0030040740966796,0.008167028427124,0.04118084907531738
132,132,132,0.0040063858032226,0.004007339477539,0.0080173015594482,0.07887434959411621
133,133,133,0.0,0.0039992332458496,0.0079791545867919,0.047528982162475586
134,134,134,0.0,0.0,0.0110089778900146,0.04427671432495117
135,135,135,0.0,0.0040004253387451,0.0095112323760986,0.07396841049194336
136,136,136,0.003997802734375,0.0039994716644287,0.0076203346252441,0.049625396728515625
137,137,137,0.0,0.0019218921661376,0.007892370223999,0.06990504264831543
138,138,138,0.0,0.0025055408477783,0.0080013275146484,0.05272078514099121
139,139,139,0.0040011405944824,0.0040132999420166,0.0120036602020263,0.04733729362487793
140,140,140,0.0,0.0039937496185302,0.0084350109100341,0.04774117469787598
141,141,141,0.0,0.0,0.008007526397705,0.04000687599182129
142,142,142,0.0030100345611572,0.0039997100830078,0.0084521770477294,0.03984332084655762
143,143,143,0.0010035037994384,0.0040156841278076,0.0080592632293701,0.03823423385620117
144,144,144,0.0,0.0039844512939453,0.0080070495605468,0.04831886291503906
145,145,145,0.0,0.0040006637573242,0.0079996585845947,0.044350624084472656
146,146,146,0.0,0.0,0.0083570480346679,0.050299644470214844
147,147,147,0.004098892211914,0.0040860176086425,0.0105147361755371,0.050292015075683594
148,148,148,0.0,0.0039308071136474,0.0098013877868652,0.05512237548828125
149,149,149,0.0,0.0039825439453125,0.0080671310424804,0.040352821350097656
150,150,150,0.0049841403961181,0.0,0.0083017349243164,0.04924154281616211
151,151,151,0.0,0.0040016174316406,0.0080609321594238,0.045159101486206055
152,152,152,0.0,0.0040004253387451,0.0120511054992675,0.038663625717163086
153,153,153,0.0030398368835449,0.0040411949157714,0.0078988075256347,0.03581571578979492
154,154,154,0.0,0.0039584636688232,0.0080387592315673,0.051255226135253906
155,155,155,0.0,0.0,0.0079617500305175,0.05998802185058594
156,156,156,0.0040526390075683,0.0039985179901123,0.0080010890960693,0.04730868339538574
157,157,157,0.0,0.0040352344512939,0.0079994201660156,0.05675625801086426
158,158,158,0.0,0.0039644241333007,0.0122005939483642,0.054619789123535156
159,159,159,0.0,0.0,0.0141148567199707,0.05967235565185547
160,160,160,0.0040419101715087,0.0046095848083496,0.0070695877075195,0.04977107048034668
161,161,161,0.0,0.0038387775421142,0.0080735683441162,0.06911897659301758
162,162,162,0.0039124488830566,0.0040099620819091,0.0084145069122314,0.04796099662780762
163,163,163,0.0,0.0,0.0119948387145996,0.04468679428100586
164,164,164,0.0,0.0040063858032226,0.0080525875091552,0.053235530853271484
165,165,165,0.0040750503540039,0.0040128231048583,0.0087006092071533,0.05025053024291992
166,166,166,0.0,0.0,0.0075230598449707,0.05006003379821777
167,167,167,0.0,0.004082441329956,0.0108039379119873,0.04020547866821289
168,168,168,0.0,0.00390625,0.0065827369689941,0.049883365631103516
169,169,169,0.0039246082305908,0.0042698383331298,0.010568618774414,0.11584687232971191
170,170,170,0.0,0.0040407180786132,0.0080866813659667,0.04482698440551758
171,171,171,0.0,0.0,0.0081133842468261,0.04288768768310547
172,172,172,0.0040168762207031,0.0040185451507568,0.0080325603485107,0.049471378326416016
173,173,173,0.0,0.0039694309234619,0.0080153942108154,0.053514719009399414
174,174,174,0.0020103454589843,0.0039830207824707,0.0126223564147949,0.05404472351074219
175,175,175,0.0015976428985595,0.0,0.0080077648162841,0.056247711181640625
176,176,176,0.0009927749633789,0.0039982795715332,0.0079989433288574,0.05024003982543945
177,177,177,0.0,0.004000186920166,0.00840425491333,0.05364823341369629
178,178,178,0.0,0.004000186920166,0.0099966526031494,0.06773543357849121
179,179,179,0.0036001205444335,0.0,0.0065240859985351,0.07249784469604492
180,180,180,0.0,0.0040328502655029,0.0125038623809814,0.06730771064758301
181,181,181,0.0,0.0039713382720947,0.0081143379211425,0.07769465446472168
182,182,182,0.0040199756622314,0.0039949417114257,0.0082108974456787,0.05984997749328613
183,183,183,0.0,0.0,0.0080094337463378,0.06901216506958008
184,184,184,0.0,0.0040004253387451,0.0122504234313964,0.0500643253326416
185,185,185,0.0039906501770019,0.0040051937103271,0.0085523128509521,0.06102728843688965
186,186,186,0.0,0.0039944648742675,0.0079154968261718,0.056998252868652344
187,187,187,0.0,0.0,0.0080964565277099,0.05101203918457031
188,188,188,0.0039963722229003,0.0039997100830078,0.0079050064086914,0.06069064140319824
189,189,189,0.0,0.0040020942687988,0.0079987049102783,0.05354452133178711
190,190,190,0.0,0.0040934085845947,0.0087041854858398,0.06082463264465332
191,191,191,0.0,0.0,0.0109970569610595,0.05996370315551758
192,192,192,0.0039989948272705,0.0041000843048095,0.0075290203094482,0.045690059661865234
193,193,193,0.0,0.0039074420928955,0.0101277828216552,0.05425262451171875
194,194,194,0.0,0.0040071010589599,0.0079951286315917,0.05112099647521973
195,195,195,0.0,0.0035071372985839,0.008000373840332,0.05975675582885742
196,196,196,0.0040462017059326,0.0076580047607421,0.008000373840332,0.07935810089111328
197,197,197,0.0,0.0010459423065185,0.0079996585845947,0.08322358131408691
198,198,198,0.0,0.0040936470031738,0.0079958438873291,0.06371021270751953
199,199,199,0.0040497779846191,0.0039129257202148,0.0080006122589111,0.07982420921325684
200,200,200,0.0,0.0,0.0080032348632812,0.07636141777038574
201,201,201,0.0,0.0040006637573242,0.0089278221130371,0.08666753768920898
202,202,202,0.004012107849121,0.0040004253387451,0.0110104084014892,0.06255745887756348
203,203,203,0.0,0.0,0.0079460144042968,0.05164599418640137
204,204,204,0.0038926601409912,0.0040013790130615,0.008007526397705,0.07206535339355469
205,205,205,0.0,0.0043978691101074,0.008002758026123,0.05165290832519531
206,206,206,0.0,0.0040123462677001,0.0119969844818115,0.06763339042663574
207,207,207,0.0040006637573242,0.0,0.0085361003875732,0.04891514778137207
208,208,208,0.0,0.004054307937622,0.014573335647583,0.0696413516998291
209,209,209,0.0,0.0040285587310791,0.0062754154205322,0.06578230857849121
210,210,210,0.0,0.0039105415344238,0.0078885555267333,0.0807948112487793
211,211,211,0.0040540695190429,0.0040006637573242,0.0120084285736083,0.0546574592590332
212,212,212,0.0,0.0,0.0080654621124267,0.07603955268859863
213,213,213,0.0,0.0039999485015869,0.0120065212249755,0.05356884002685547
214,214,214,0.0040924549102783,0.0040118694305419,0.0080225467681884,0.0694890022277832
215,215,215,0.0,0.0,0.0080938339233398,0.07345056533813477
216,216,216,0.0039975643157958,0.0040042400360107,0.0079073905944824,0.053752899169921875
217,217,217,0.0,0.0039887428283691,0.007997989654541,0.04661369323730469
218,218,218,0.0,0.0039954185485839,0.0120067596435546,0.08333015441894531
219,219,219,0.0039396286010742,0.0,0.0080039501190185,0.07332348823547363
220,220,220,0.0,0.0039999485015869,0.008246898651123,0.0691061019897461
221,221,221,0.0025460720062255,0.0039987564086914,0.0080072879791259,0.05172252655029297
222,222,222,0.0015132427215576,0.0,0.0120201110839843,0.08018779754638672
223,223,223,0.0,0.0048186779022216,0.0079796314239501,0.05505514144897461
224,224,224,0.0,0.0035645961761474,0.0080103874206542,0.08501291275024414
225,225,225,0.0040075778961181,0.0040090084075927,0.0080065727233886,0.0637669563293457
226,226,226,0.0,0.0,0.0120096206665039,0.04856562614440918
227,227,227,0.0040071010589599,0.0040004253387451,0.0080013275146484,0.05257010459899902
228,228,228,0.0,0.0040168762207031,0.0076215267181396,0.05543184280395508
229,229,229,0.0,0.0,0.0105679035186767,0.05543708801269531
230,230,230,0.0040934085845947,0.0040113925933837,0.0065047740936279,0.07335019111633301
231,231,231,0.00225830078125,0.004000186920166,0.0120165348052978,0.059950828552246094
232,232,232,0.0020222663879394,0.0039975643157958,0.0084264278411865,0.062009334564208984
233,233,233,0.0,0.0,0.0082447528839111,0.0785369873046875
234,234,234,0.0,0.004000186920166,0.0120084285736083,0.0631856918334961
235,235,235,0.0041124820709228,0.0040006637573242,0.0085809230804443,0.08106565475463867
236,236,236,0.0,0.0040013790130615,0.0085625648498535,0.0708470344543457
237,237,237,0.0038962364196777,0.004002571105957,0.0075843334197998,0.07784342765808105
238,238,238,0.0,0.0,0.0080077648162841,0.07354426383972168
239,239,239,0.0,0.0039994716644287,0.0079987049102783,0.0718836784362793
240,240,240,0.0039980411529541,0.0039944648742675,0.0083739757537841,0.08252167701721191
241,241,241,0.0,0.0,0.0081012248992919,0.07606387138366699
242,242,242,0.0040004253387451,0.0039989948272705,0.0081932544708251,0.06443309783935547
243,243,243,0.0,0.0040016174316406,0.0085556507110595,0.060559988021850586
244,244,244,0.0040078163146972,0.0041110515594482,0.0075247287750244,0.061215877532958984
245,245,245,0.0,0.0,0.0119938850402832,0.09566974639892578
246,246,246,0.0039999485015869,0.0039870738983154,0.0083341598510742,0.06686162948608398
247,247,247,0.0,0.0039050579071044,0.008141279220581,0.06310558319091797
248,248,248,0.0,0.004033088684082,0.0075964927673339,0.08215475082397461
249,249,249,0.0039999485015869,0.0,0.0090470314025878,0.05774545669555664
250,250,250,0.0,0.0039749145507812,0.0071442127227783,0.06738615036010742
251,251,251,0.0039935111999511,0.0040760040283203,0.007993459701538,0.07105660438537598
252,252,252,0.0,0.0039112567901611,0.0080811977386474,0.056468963623046875
253,253,253,0.0039982795715332,0.0040013790130615,0.0079047679901123,0.06512951850891113
254,254,254,0.0,0.0,0.0080006122589111,0.0722188949584961
255,255,255,0.0040066242218017,0.0040009021759033,0.0080018043518066,0.06870126724243164
256,256,256,0.0,0.0039980411529541,0.0079984664916992,0.06000709533691406
257,257,257,0.0,0.0040087699890136,0.0085282325744628,0.09610295295715332
258,258,258,0.0039947032928466,0.0,0.0124149322509765,0.07704281806945801
259,259,259,0.0,0.0040266513824462,0.0080211162567138,0.04977560043334961
260,260,260,0.0039999485015869,0.0040662288665771,0.0080080032348632,0.07356762886047363
261,261,261,0.0,0.0025651454925537,0.0080020427703857,0.06799721717834473
262,262,262,0.0,0.0015881061553955,0.0079984664916992,0.0753636360168457
263,263,263,0.0039980411529541,0.0040442943572998,0.0080041885375976,0.06298017501831055
264,264,264,0.0,0.0039675235748291,0.0080094337463378,0.04116249084472656
265,265,265,0.0040011405944824,0.0,0.0119996070861816,0.0698692798614502
266,266,266,0.0,0.0040004253387451,0.0083818435668945,0.0864572525024414
267,267,267,0.0039999485015869,0.0039937496185302,0.0080618858337402,0.06977224349975586
268,268,268,0.0,0.0043647289276123,0.0080463886260986,0.06390094757080078
269,269,269,0.004030704498291,0.0005078315734863,0.00830078125,0.08806657791137695
270,270,270,0.0,0.0035400390625,0.0080060958862304,0.07934880256652832
271,271,271,0.0,0.0040233135223388,0.0085842609405517,0.08020520210266113
272,272,272,0.0052082538604736,0.0039839744567871,0.0082297325134277,0.08487868309020996
273,273,273,0.0,0.0,0.0079572200775146,0.06642580032348633
274,274,274,0.0030045509338378,0.0040028095245361,0.0079948902130126,0.05169272422790527
275,275,275,0.0,0.0039982795715332,0.0080025196075439,0.07136797904968262
276,276,276,0.0,0.0040044784545898,0.0119972229003906,0.08280563354492188
277,277,277,0.0040078163146972,0.0040497779846191,0.008002758026123,0.06579422950744629
278,278,278,0.0,0.0,0.0084035396575927,0.08368086814880371
279,279,279,0.0039985179901123,0.0039851665496826,0.0084991455078125,0.06687116622924805
280,280,280,0.0020043849945068,0.0040271282196044,0.0080070495605468,0.07715654373168945
281,281,281,0.0020051002502441,0.0039329528808593,0.0080010890960693,0.09224653244018555
282,282,282,0.0,0.0005295276641845,0.0080065727233886,0.08979010581970215
283,283,283,0.0,0.0035083293914794,0.0080602169036865,0.07326745986938477
284,284,284,0.0040242671966552,0.0040123462677001,0.0125296115875244,0.08000922203063965
285,285,285,0.0,0.0,0.0079927444458007,0.06867265701293945
286,286,286,0.0,0.0040004253387451,0.0080008506774902,0.07806730270385742
287,287,287,0.0039920806884765,0.0040004253387451,0.0080001354217529,0.06914472579956055
288,288,288,0.0,0.0040328502655029,0.0080029964447021,0.05878043174743652
289,289,289,0.0,0.0013182163238525,0.0079972743988037,0.04084134101867676
290,290,290,0.0,0.0030100345611572,0.0120463371276855,0.05434560775756836
291,291,291,0.0040817260742187,0.004051923751831,0.0086886882781982,0.044947147369384766
292,292,292,0.0,0.0,0.0081110000610351,0.05628347396850586
293,293,293,0.0,0.0039577484130859,0.0080106258392333,0.05036640167236328
294,294,294,0.0040032863616943,0.0040037631988525,0.0075039863586425,0.05742001533508301
295,295,295,0.0,0.0040960311889648,0.0084476470947265,0.04376101493835449
296,296,296,0.003911018371582,0.0,0.0081110000610351,0.04680633544921875
297,297,297,0.0,0.0040102005004882,0.0123114585876464,0.05709123611450195
298,298,298,0.0039954185485839,0.003995656967163,0.0083074569702148,0.058624982833862305
299,299,299,0.0,0.004002571105957,0.0081603527069091,0.06147885322570801
300,300,300,0.0040028095245361,0.0006482601165771,0.0080018043518066,0.05226421356201172
301,301,301,0.0,0.0035059452056884,0.0085549354553222,0.06289458274841309
302,302,302,0.0,0.0040078163146972,0.0081679821014404,0.061638593673706055
303,303,303,0.0039963722229003,0.0041050910949707,0.0086512565612792,0.06483268737792969
304,304,304,0.0,0.0,0.0075485706329345,0.0703132152557373
305,305,305,0.0040004253387451,0.0038959980010986,0.0083308219909667,0.05784726142883301
306,306,306,0.0,0.0039989948272705,0.012136697769165,0.0580747127532959
307,307,307,0.0039999485015869,0.0,0.0080511569976806,0.05168557167053223
308,308,308,0.0,0.0041015148162841,0.0081157684326171,0.06429314613342285
309,309,309,0.0,0.0038988590240478,0.009598970413208,0.05009198188781738
310,310,310,0.0039989948272705,0.0040028095245361,0.0072126388549804,0.04303908348083496
311,311,311,0.0,0.0039982795715332,0.0080952644348144,0.04958534240722656
312,312,312,0.0039999485015869,0.0,0.008272647857666,0.05585455894470215
313,313,313,0.0,0.0040035247802734,0.0080969333648681,0.046740055084228516
314,314,314,0.0040059089660644,0.0047564506530761,0.008596658706665,0.04529142379760742
315,315,315,0.0,0.0035078525543212,0.0075159072875976,0.040915489196777344
316,316,316,0.0039982795715332,0.0040116310119628,0.0079998970031738,0.06318974494934082
317,317,317,0.0,0.0,0.0080053806304931,0.04284167289733887
318,318,318,0.0039961338043212,0.004096508026123,0.012397289276123,0.05516505241394043
319,319,319,0.0,0.0039370059967041,0.0083134174346923,0.054723501205444336
320,320,320,0.0,0.0039649009704589,0.0081775188446044,0.057204246520996094
321,321,321,0.0039997100830078,0.0,0.0082008838653564,0.06103229522705078
322,322,322,0.0,0.004000186920166,0.0079994201660156,0.07486128807067871
323,323,323,0.0039997100830078,0.0039963722229003,0.0096008777618408,0.05840444564819336
324,324,324,0.0,0.0040061473846435,0.006641149520874,0.07473063468933105
325,325,325,0.0,0.0,0.0079600811004638,0.05193161964416504
326,326,326,0.0040421485900878,0.0040318965911865,0.0119998455047607,0.053238630294799805
327,327,327,0.0,0.004974365234375,0.0080022811889648,0.04981732368469238
328,328,328,0.0,0.0030052661895751,0.0083415508270263,0.06641435623168945
329,329,329,0.003960371017456,0.0,0.0083324909210205,0.04743480682373047
330,330,330,0.0,0.0040071010589599,0.0080060958862304,0.052236318588256836
331,331,331,0.0,0.004000186920166,0.0085759162902832,0.05301618576049805
332,332,332,0.0039999485015869,0.0039989948272705,0.0083863735198974,0.05885720252990723
333,333,333,0.0,0.0040006637573242,0.008340835571289,0.04933619499206543
334,334,334,0.0,0.0,0.0122609138488769,0.06379055976867676
335,335,335,0.0,0.0039999485015869,0.0080788135528564,0.04992270469665527
336,336,336,0.0039975643157958,0.0040035247802734,0.0080049037933349,0.04860281944274902
337,337,337,0.0,0.0039963722229003,0.0089392662048339,0.0559844970703125
338,338,338,0.0,0.0,0.0075137615203857,0.04693150520324707
339,339,339,0.0040044784545898,0.0040018558502197,0.0080766677856445,0.06695294380187988
340,340,340,0.0,0.0040028095245361,0.0090906620025634,0.05757308006286621
341,341,341,0.0,0.0040590763092041,0.0070126056671142,0.06456899642944336
342,342,342,0.0040979385375976,0.0039370059967041,0.0085103511810302,0.059478759765625
343,343,343,0.0,0.0040314197540283,0.007559061050415,0.06350374221801758
344,344,344,0.0,0.0,0.0080440044403076,0.06163954734802246
345,345,345,0.0039072036743164,0.0040092468261718,0.0083177089691162,0.05002331733703613
346,346,346,0.0,0.0040004253387451,0.0079970359802246,0.06507134437561035
347,347,347,0.0020031929016113,0.0040044784545898,0.0122096538543701,0.07184600830078125
348,348,348,0.0,0.0039949417114257,0.0079851150512695,0.06296181678771973
349,349,349,0.0020084381103515,0.0,0.00801682472229,0.055924177169799805
350,350,350,0.0,0.004000186920166,0.0080325603485107,0.050818443298339844
351,351,351,0.0040438175201416,0.004000186920166,0.0080173015594482,0.05548691749572754
352,352,352,0.0,0.0,0.0115091800689697,0.07445335388183594
353,353,353,0.0,0.0039999485015869,0.0080077648162841,0.058600425720214844
354,354,354,0.0,0.0039994716644287,0.0080006122589111,0.05316734313964844
355,355,355,0.0039610862731933,0.004000186920166,0.0082674026489257,0.07103824615478516
356,356,356,0.0,0.0040063858032226,0.0112345218658447,0.0579228401184082
357,357,357,0.0,0.0,0.0055549144744873,0.06367039680480957
358,358,358,0.0040035247802734,0.0040011405944824,0.0079588890075683,0.0502164363861084
359,359,359,0.0,0.0051512718200683,0.008012056350708,0.08758401870727539
360,360,360,0.0,0.0030055046081542,0.0124437808990478,0.06968021392822266
361,361,361,0.0039968490600585,0.0040259361267089,0.0084645748138427,0.08838462829589844
362,362,362,0.0,0.0,0.0080010890960693,0.05478215217590332
363,363,363,0.0,0.0039811134338378,0.0080199241638183,0.05478930473327637
364,364,364,0.0,0.004004955291748,0.0132489204406738,0.06097865104675293
365,365,365,0.0039992332458496,0.0,0.011021614074707,0.05219697952270508
366,366,366,0.0,0.0039966106414794,0.0084316730499267,0.055121421813964844
367,367,367,0.0,0.0039982795715332,0.0084459781646728,0.06584930419921875
368,368,368,0.0040485858917236,0.0040643215179443,0.0082056522369384,0.06336092948913574
369,369,369,0.0,0.0,0.0080478191375732,0.07471847534179688
370,370,370,0.0,0.0039355754852294,0.0083410739898681,0.06156158447265625
371,371,371,0.0,0.0039994716644287,0.0090866088867187,0.06225275993347168
372,372,372,0.0039868354797363,0.004002571105957,0.0079517364501953,0.08171725273132324
373,373,373,0.0,0.0,0.0082125663757324,0.07013320922851562
374,374,374,0.0,0.0040023326873779,0.0080108642578125,0.06920504570007324
375,375,375,0.0039649009704589,0.0039954185485839,0.009566307067871,0.06511545181274414
376,376,376,0.0,0.0040011405944824,0.0076398849487304,0.0562441349029541
377,377,377,0.0,0.0,0.0096907615661621,0.06632184982299805
378,378,378,0.0040476322174072,0.0040011405944824,0.005695104598999,0.08729386329650879
379,379,379,0.0,0.0040845870971679,0.0120384693145751,0.05995583534240723
380,380,380,0.0,0.0039145946502685,0.0079612731933593,0.08198380470275879
381,381,381,0.003953218460083,0.0,0.0090997219085693,0.06977510452270508
382,382,382,0.0,0.0040044784545898,0.0082511901855468,0.05919528007507324
383,383,383,0.0,0.0044562816619873,0.0075931549072265,0.07127881050109863
384,384,384,0.0041091442108154,0.0040080547332763,0.0101220607757568,0.07524609565734863
385,385,385,0.0,0.0,0.0079517364501953,0.05539536476135254
386,386,386,0.0039093494415283,0.004000186920166,0.0059680938720703,0.061467885971069336
387,387,387,0.0,0.0040369033813476,0.0124640464782714,0.05836749076843262
388,388,388,0.0,0.0039629936218261,0.0082900524139404,0.06814026832580566
389,389,389,0.0040831565856933,0.0,0.0080437660217285,0.10474443435668945
390,390,390,0.0,0.0040521621704101,0.0083339214324951,0.04801607131958008
391,391,391,0.0038990974426269,0.0039608478546142,0.0080068111419677,0.0674283504486084
392,392,392,0.0,0.0045173168182373,0.0080983638763427,0.08321332931518555
393,393,393,0.0039992332458496,0.0,0.008012056350708,0.05702948570251465
394,394,394,0.0,0.0040535926818847,0.0079963207244873,0.04518723487854004
395,395,395,0.0040202140808105,0.0086743831634521,0.0082309246063232,0.061620473861694336
396,396,396,0.0,0.0030984878540039,0.009803295135498,0.0636129379272461
397,397,397,0.003986120223999,0.0010199546813964,0.00689697265625,0.07707071304321289
398,398,398,0.0,0.0040113925933837,0.0120770931243896,0.05844473838806152
399,399,399,0.0039951801300048,0.0039958953857421,0.0083706378936767,0.09307408332824707
400,400,400,0.0,0.0,0.0083425045013427,0.0730733871459961
401,401,401,0.0,0.004000186920166,0.0080115795135498,0.045777320861816406
402,402,402,0.0040040016174316,0.0039994716644287,0.008033275604248,0.0804591178894043
403,403,403,0.0,0.0,0.0080089569091796,0.06324362754821777
404,404,404,0.004096508026123,0.0040042400360107,0.0080008506774902,0.05660724639892578
405,405,405,0.0,0.0039951801300048,0.0121097564697265,0.07471966743469238
406,406,406,0.0039019584655761,0.0040011405944824,0.0043263435363769,0.059719085693359375
407,407,407,0.0,0.0,0.0085527896881103,0.056273460388183594
408,408,408,0.0040104389190673,0.0040051937103271,0.0080068111419677,0.05988812446594238
409,409,409,0.0,0.0040042400360107,0.0115556716918945,0.08304047584533691
410,410,410,0.0,0.0,0.0081288814544677,0.0954892635345459
411,411,411,0.0040004253387451,0.0039899349212646,0.0051765441894531,0.06978154182434082
412,412,412,0.0,0.0040004253387451,0.0120084285736083,0.07207417488098145
413,413,413,0.0040016174316406,0.0,0.0080034732818603,0.05964303016662598
414,414,414,0.0,0.0039989948272705,0.0098333358764648,0.07288694381713867
415,415,415,0.0020115375518798,0.004000186920166,0.0074608325958251,0.06967926025390625
416,416,416,0.0020053386688232,0.0040042400360107,0.0076479911804199,0.047217369079589844
417,417,417,0.0,0.0,0.0110585689544677,0.0904991626739502
418,418,418,0.0040092468261718,0.004091739654541,0.0072677135467529,0.04287004470825195
419,419,419,0.0,0.0039646625518798,0.0092837810516357,0.05778002738952637
420,420,420,0.0,0.0039422512054443,0.0071139335632324,0.04629158973693848
421,421,421,0.0040042400360107,0.0,0.0100340843200683,0.07437515258789062
422,422,422,0.0,0.0040054321289062,0.0084545612335205,0.044046878814697266
423,423,423,0.0040915012359619,0.0040521621704101,0.008437156677246,0.03892207145690918
424,424,424,0.0,0.00394868850708,0.0079963207244873,0.04611802101135254
425,425,425,0.0039401054382324,0.004012107849121,0.0080225467681884,0.04080533981323242
426,426,426,0.0,0.0,0.0079774856567382,0.05041170120239258
427,427,427,0.0,0.00400972366333,0.0123291015625,0.038660526275634766
428,428,428,0.0039882659912109,0.0040223598480224,0.0080070495605468,0.040424346923828125
429,429,429,0.0,0.0039749145507812,0.0080928802490234,0.05935025215148926
430,430,430,0.003983736038208,0.0,0.0084073543548583,0.049401044845581055
431,431,431,0.0,0.0039994716644287,0.0080091953277587,0.05987381935119629
432,432,432,0.0039949417114257,0.0040006637573242,0.0080721378326416,0.04908943176269531
433,433,433,0.0,0.0,0.011216402053833,0.04819917678833008
434,434,434,0.0039982795715332,0.0040538311004638,0.0062751770019531,0.04264497756958008
435,435,435,0.0,0.0039455890655517,0.0070497989654541,0.043108224868774414
436,436,436,0.0,0.004129409790039,0.008000373840332,0.04552030563354492
437,437,437,0.0039994716644287,0.004007339477539,0.0119984149932861,0.04175829887390137
438,438,438,0.0035374164581298,0.0,0.0089468955993652,0.061930179595947266
439,439,439,0.0,0.0040771961212158,0.0077004432678222,0.05337190628051758
440,440,440,0.0,0.0039663314819335,0.0083479881286621,0.044524192810058594
441,441,441,0.0040926933288574,0.0039570331573486,0.0080482959747314,0.0485382080078125
442,442,442,0.0,0.0,0.0080616474151611,0.07126855850219727
443,443,443,0.003918170928955,0.0040969848632812,0.008202314376831,0.036763906478881836
444,444,444,0.0,0.0039029121398925,0.0081081390380859,0.03980374336242676
445,445,445,0.0,0.0039999485015869,0.0094974040985107,0.08298850059509277
446,446,446,0.0040812492370605,0.0,0.0069727897644042,0.04363846778869629
447,447,447,0.0,0.0040977001190185,0.0084431171417236,0.04636359214782715
448,448,448,0.0039172172546386,0.0039029121398925,0.0080063343048095,0.04502439498901367
449,449,449,0.0,0.0039992332458496,0.0122287273406982,0.04158306121826172
450,450,450,0.0,0.0,0.0080087184906005,0.04648876190185547
451,451,451,0.0040619373321533,0.0040063858032226,0.008176565170288,0.04169917106628418
452,452,452,0.0,0.0039925575256347,0.0090620517730712,0.045000314712524414
453,453,453,0.0040218830108642,0.0040497779846191,0.0076420307159423,0.0355525016784668
454,454,454,0.0,0.0,0.0079622268676757,0.04972124099731445
455,455,455,0.0039236545562744,0.0040235519409179,0.008000373840332,0.03982949256896973
456,456,456,0.0,0.0040845870971679,0.0100347995758056,0.04849743843078613
457,457,457,0.0,0.0,0.0063965320587158,0.0447537899017334
458,458,458,0.0040793418884277,0.0039036273956298,0.00801682472229,0.07154107093811035
459,459,459,0.0,0.0041427612304687,0.0119898319244384,0.0486903190612793
460,460,460,0.0040109157562255,0.0041065216064453,0.0085165500640869,0.09289836883544922
461,461,461,0.0,0.0,0.0082006454467773,0.08298015594482422
462,462,462,0.0039024353027343,0.0039002895355224,0.0081267356872558,0.08774447441101074
463,463,463,0.0,0.0,0.0080699920654296,0.0810549259185791
464,464,464,0.0,0.0039994716644287,0.010725975036621,0.06597399711608887
465,465,465,0.004002571105957,0.004974365234375,0.0055282115936279,0.07574057579040527
466,466,466,0.0,0.0035052299499511,0.0121307373046875,0.07990336418151855
467,467,467,0.0040090084075927,0.0,0.0080196857452392,0.07327556610107422
468,468,468,0.0,0.0040075778961181,0.0042860507965087,0.06775403022766113
469,469,469,0.0,0.0039999485015869,0.0094923973083496,0.06969046592712402
470,470,470,0.0040853023529052,0.0039994716644287,0.0087568759918212,0.07987761497497559
471,471,471,0.0,0.0,0.0105295181274414,0.056865692138671875
472,472,472,0.0,0.0040004253387451,0.0080101490020751,0.0643925666809082
473,473,473,0.003911018371582,0.0040464401245117,0.0080001354217529,0.07671141624450684
474,474,474,0.0,0.0,0.0084223747253417,0.06644082069396973
475,475,475,0.0025060176849365,0.0040626525878906,0.0080108642578125,0.08686566352844238
476,476,476,0.0015904903411865,0.0039951801300048,0.0079982280731201,0.07050061225891113
477,477,477,0.0,0.0039014816284179,0.008040428161621,0.06397390365600586
478,478,478,0.0,0.0039951801300048,0.0109724998474121,0.050351619720458984
479,479,479,0.0040059089660644,0.0,0.0050396919250488,0.11172294616699219
480,480,480,0.0,0.0039989948272705,0.0104575157165527,0.041129112243652344
481,481,481,0.0,0.0040013790130615,0.0060992240905761,0.055924415588378906
482,482,482,0.0,0.0039982795715332,0.0120086669921875,0.059351444244384766
483,483,483,0.0046749114990234,0.0,0.0081892013549804,0.06347298622131348
484,484,484,0.0,0.0040009021759033,0.0080134868621826,0.06976127624511719
485,485,485,0.0,0.0039992332458496,0.0080800056457519,0.05803728103637695
486,486,486,0.0035071372985839,0.0039997100830078,0.0119194984436035,0.04975485801696777
487,487,487,0.0,0.0,0.0080289840698242,0.0507357120513916
488,488,488,0.0,0.0040056705474853,0.0081329345703125,0.049669504165649414
489,489,489,0.0040082931518554,0.0040066242218017,0.0086021423339843,0.049704551696777344
490,490,490,0.0,0.004103660583496,0.0083954334259033,0.06007575988769531
491,491,491,0.0,0.0,0.0080444812774658,0.050067901611328125
492,492,492,0.0039999485015869,0.0038971900939941,0.0083293914794921,0.06766843795776367
493,493,493,0.0,0.0040972232818603,0.0080060958862304,0.05535626411437988
494,494,494,0.0040462017059326,0.0040066242218017,0.0080008506774902,0.06008648872375488
495,495,495,0.0,0.0,0.0080001354217529,0.06459355354309082
496,496,496,0.0,0.0040023326873779,0.0121679306030273,0.056902408599853516
497,497,497,0.0039634704589843,0.0040183067321777,0.0080335140228271,0.06833958625793457
498,498,498,0.0,0.0041522979736328,0.0080134868621826,0.05501294136047363
499,499,499,0.0039930343627929,0.0,0.0080237388610839,0.05827164649963379
500,500,500,0.0,0.0040092468261718,0.0084984302520751,0.050742387771606445
501,501,501,0.0039973258972167,0.0040423870086669,0.0084524154663085,0.05032229423522949
502,502,502,0.0,0.0,0.0087668895721435,0.05644106864929199
503,503,503,0.0,0.0039548873901367,0.0075111389160156,0.04878878593444824
504,504,504,0.0040335655212402,0.004000186920166,0.0082545280456542,0.056676387786865234
505,505,505,0.0,0.0,0.0080935955047607,0.0616915225982666
506,506,506,0.0,0.0040037631988525,0.0079162120819091,0.05995988845825195
507,507,507,0.0039689540863037,0.0039992332458496,0.0096950531005859,0.04981064796447754
508,508,508,0.0,0.003997802734375,0.0068569183349609,0.06621098518371582
509,509,509,0.0040054321289062,0.0,0.0092279911041259,0.06335806846618652
510,510,510,0.0,0.0049002170562744,0.0074598789215087,0.04886436462402344
511,511,511,0.0,0.0035064220428466,0.009955883026123,0.08482861518859863
512,512,512,0.0039999485015869,0.0,0.0057868957519531,0.061614036560058594
513,513,513,0.0,0.0040087699890136,0.0080986022949218,0.06039714813232422
514,514,514,0.0039937496185302,0.0039989948272705,0.008012056350708,0.08656978607177734
515,515,515,0.0,0.0040030479431152,0.0084648132324218,0.06629800796508789
516,516,516,0.0058839321136474,0.0,0.0080652236938476,0.060091257095336914
517,517,517,0.0023231506347656,0.0039968490600585,0.0080065727233886,0.06546974182128906
518,518,518,0.0010986328125,0.0043516159057617,0.0080039501190185,0.084869384765625
519,519,519,0.0,0.0,0.0079972743988037,0.06302547454833984
520,520,520,0.0030057430267333,0.0040085315704345,0.0084152221679687,0.1057741641998291
521,521,521,0.0,0.0040726661682128,0.0081593990325927,0.04898333549499512
522,522,522,0.0040185451507568,0.0039272308349609,0.0120086669921875,0.0967261791229248
523,523,523,0.0,0.0,0.0082857608795166,0.054897308349609375
524,524,524,0.0040977001190185,0.004007339477539,0.0081584453582763,0.06838488578796387
525,525,525,0.0,0.0040011405944824,0.0082406997680664,0.06002688407897949
526,526,526,0.0,0.0014317035675048,0.0080571174621582,0.06784772872924805
527,527,527,0.0,0.0040163993835449,0.0082273483276367,0.05505633354187012
528,528,528,0.0,0.0030100345611572,0.0082292556762695,0.05099964141845703
529,529,529,0.0040063858032226,0.0,0.0090241432189941,0.07991719245910645
530,530,530,0.0,0.0040085315704345,0.0081186294555664,0.061511993408203125
531,531,531,0.0040087699890136,0.0039997100830078,0.0084528923034667,0.0634315013885498
532,532,532,0.0,0.0025959014892578,0.0079951286315917,0.06873536109924316
533,533,533,0.0040493011474609,0.0015058517456054,0.0080008506774902,0.06166720390319824
534,534,534,0.0,0.0042548179626464,0.0080883502960205,0.06953620910644531
535,535,535,0.0039896965026855,0.0,0.0082452297210693,0.09264302253723145
536,536,536,0.0020084381103515,0.0040071010589599,0.0080964565277099,0.0664670467376709
537,537,537,0.0020105838775634,0.0039987564086914,0.0083301067352294,0.056127309799194336
538,538,538,0.0,0.0,0.0081439018249511,0.051622867584228516
539,539,539,0.0,0.004063606262207,0.0104086399078369,0.08445310592651367
540,540,540,0.004094123840332,0.0043597221374511,0.0055270195007324,0.06828784942626953
541,541,541,0.0,0.0040080547332763,0.0084056854248046,0.09029245376586914
542,542,542,0.0039148330688476,0.0,0.0120115280151367,0.06190228462219238
543,543,543,0.0,0.0040009021759033,0.0078818798065185,0.06640791893005371
544,544,544,0.0040814876556396,0.0042293071746826,0.0084877014160156,0.07568597793579102
545,545,545,0.0,0.0,0.008453369140625,0.06801557540893555
546,546,546,0.0039234161376953,0.0040125846862792,0.0079998970031738,0.09203505516052246
547,547,547,0.0,0.0039951801300048,0.0082848072052001,0.04985642433166504
548,548,548,0.0,0.0039997100830078,0.0081934928894042,0.06957793235778809
549,549,549,0.0040764808654785,0.0,0.0087587833404541,0.07733535766601562
550,550,550,0.0,0.004922866821289,0.0075330734252929,0.07545256614685059
551,551,551,0.0039186477661132,0.0035967826843261,0.0085160732269287,0.06709551811218262
552,552,552,0.0,0.0040087699890136,0.0080108642578125,0.06453561782836914
553,553,553,0.0040385723114013,0.0,0.0091381072998046,0.09375524520874023
554,554,554,0.0,0.0039987564086914,0.0075190067291259,0.06348371505737305
555,555,555,0.0,0.004000186920166,0.0079953670501708,0.07120370864868164
556,556,556,0.0039601325988769,0.0,0.0080039501190185,0.059764862060546875
557,557,557,0.0,0.0040018558502197,0.0092754364013671,0.0661628246307373
558,558,558,0.0039999485015869,0.0040078163146972,0.0081167221069335,0.06749725341796875
559,559,559,0.0,0.0040009021759033,0.0075109004974365,0.05552554130554199
560,560,560,0.0,0.0013296604156494,0.008230447769165,0.050133705139160156
561,561,561,0.004091739654541,0.0030083656311035,0.0080063343048095,0.06634831428527832
562,562,562,0.0,0.0040109157562255,0.0092997550964355,0.08449172973632812
563,563,563,0.0039255619049072,0.0,0.0091910362243652,0.061629295349121094
564,564,564,0.0,0.0040092468261718,0.0077612400054931,0.060083627700805664
565,565,565,0.0,0.0040922164916992,0.0093963146209716,0.04190683364868164
566,566,566,0.0039818286895751,0.0021398067474365,0.0055115222930908,0.05533432960510254
567,567,567,0.0,0.0020070075988769,0.0084671974182128,0.05586528778076172
568,568,568,0.0,0.0040059089660644,0.0083129405975341,0.06695175170898438
569,569,569,0.0040860176086425,0.0040416717529296,0.0083818435668945,0.10018754005432129
570,570,570,0.0,0.0,0.0080339908599853,0.05159425735473633
571,571,571,0.0,0.004047155380249,0.0079731941223144,0.06844139099121094
572,572,572,0.0040223598480224,0.0039122104644775,0.0079991817474365,0.0713338851928711
573,573,573,0.0,0.0,0.0084900856018066,0.07486319541931152
574,574,574,0.0,0.0039994716644287,0.0080096721649169,0.07500815391540527
575,575,575,0.0039772987365722,0.0041065216064453,0.0116434097290039,0.06694841384887695
576,576,576,0.0,0.0023751258850097,0.0050129890441894,0.05366635322570801
577,577,577,0.0,0.002004861831665,0.0085744857788085,0.061483144760131836
578,578,578,0.0,0.0044560432434082,0.0075123310089111,0.07521533966064453
579,579,579,0.0,0.0,0.0102965831756591,0.07471036911010742
580,580,580,0.0,0.0040118694305419,0.0064196586608886,0.05194997787475586
581,581,581,0.0040452480316162,0.004002571105957,0.0080070495605468,0.07440733909606934
582,582,582,0.0,0.0019893646240234,0.0120551586151123,0.05847954750061035
583,583,583,0.0039203166961669,0.0025064945220947,0.0080096721649169,0.08590364456176758
584,584,584,0.0,0.0040082931518554,0.0080046653747558,0.11010599136352539
585,585,585,0.0,0.0040922164916992,0.0080351829528808,0.0601804256439209
586,586,586,0.004000186920166,0.0006585121154785,0.0081796646118164,0.048429012298583984
587,587,587,0.0,0.0035071372985839,0.0083429813385009,0.06747674942016602
588,588,588,0.0040004253387451,0.0040071010589599,0.012347936630249,0.06929183006286621
589,589,589,0.0,0.0,0.0080068111419677,0.07479286193847656
590,590,590,0.0,0.0039989948272705,0.0079998970031738,0.06719517707824707
591,591,591,0.0039987564086914,0.004000186920166,0.0080001354217529,0.0878148078918457
592,592,592,0.0,0.0040009021759033,0.0097739696502685,0.057550907135009766
593,593,593,0.0040125846862792,0.0,0.0065157413482666,0.06209611892700195
594,594,594,0.0,0.0040071010589599,0.0083911418914794,0.04829144477844238
595,595,595,0.0,0.0018749237060546,0.0080478191375732,0.06396055221557617
596,596,596,0.0039947032928466,0.0025050640106201,0.0079588890075683,0.05907416343688965
597,597,597,0.0,0.0045135021209716,0.0088441371917724,0.06831240653991699
598,598,598,0.0,0.0011763572692871,0.0079522132873535,0.0671243667602539
599,599,599,0.0040984153747558,0.003005027770996,0.007664680480957,0.05707979202270508
600,600,600,0.0020060539245605,0.0040082931518554,0.0080132484436035,0.07161092758178711
601,601,601,0.0020430088043212,0.0,0.0042645931243896,0.0765533447265625
602,602,602,0.0,0.0040011405944824,0.0080089569091796,0.05894780158996582
603,603,603,0.0,0.0039982795715332,0.0081050395965576,0.06360054016113281
604,604,604,0.0040934085845947,0.0,0.0078933238983154,0.08132195472717285
605,605,605,0.0,0.0039994716644287,0.008000373840332,0.07166767120361328
606,606,606,0.0039191246032714,0.0040953159332275,0.0080001354217529,0.09478163719177246
607,607,607,0.0,0.0039052963256835,0.0079998970031738,0.07747507095336914
608,608,608,0.0,0.0,0.0086715221405029,0.07640838623046875
609,609,609,0.0039966106414794,0.0040135383605957,0.0075111389160156,0.04978442192077637
610,610,610,0.0,0.0039913654327392,0.0080766677856445,0.08652448654174805
611,611,611,0.0040094852447509,0.0,0.0080084800720214,0.08666801452636719
612,612,612,0.0,0.0039949417114257,0.0076074600219726,0.061766624450683594
613,613,613,0.0,0.0039999485015869,0.0102372169494628,0.06435894966125488
614,614,614,0.0039942264556884,0.0019900798797607,0.0064122676849365,0.08598089218139648
615,615,615,0.0,0.0025129318237304,0.0087990760803222,0.05814838409423828
616,616,616,0.0,0.0040287971496582,0.0075230598449707,0.08312749862670898
617,617,617,0.003997802734375,0.0039794445037841,0.0095982551574707,0.0868685245513916
618,618,618,0.0,0.0,0.0071773529052734,0.07116079330444336
619,619,619,0.0,0.0039994716644287,0.0075123310089111,0.058951377868652344
620,620,620,0.0039961338043212,0.0042121410369873,0.0104269981384277,0.04481792449951172
621,621,621,0.0,0.0,0.0060164928436279,0.06578230857849121
622,622,622,0.0,0.0040125846862792,0.0080018043518066,0.04527425765991211
623,623,623,0.0040068626403808,0.0039975643157958,0.0080008506774902,0.05008363723754883
624,624,624,0.0,0.0039973258972167,0.008023977279663,0.05867362022399902
625,625,625,0.0,0.0,0.0079982280731201,0.05367326736450195
626,626,626,0.0040607452392578,0.0039994716644287,0.0084364414215087,0.05850791931152344
627,627,627,0.0,0.0040004253387451,0.0080080032348632,0.049902915954589844
628,628,628,0.0,0.0,0.0083527565002441,0.12113165855407715
629,629,629,0.0039348602294921,0.0040273666381835,0.0084054470062255,0.04981184005737305
630,630,630,0.0,0.0040714740753173,0.0080065727233886,0.05258464813232422
631,631,631,0.0,0.003908634185791,0.0080018043518066,0.059987783432006836
632,632,632,0.0040054321289062,0.0031094551086425,0.009031057357788,0.06929278373718262
633,633,633,0.0,0.0010037422180175,0.0070178508758544,0.05885934829711914
634,634,634,0.0,0.0043151378631591,0.0079965591430664,0.05145430564880371
635,635,635,0.0,0.0,0.0080451965332031,0.050765037536621094
636,636,636,0.0040736198425292,0.004652976989746,0.0080776214599609,0.053228139877319336
637,637,637,0.0,0.0035915374755859,0.0080106258392333,0.07962465286254883
638,638,638,0.0039713382720947,0.0026607513427734,0.0082645416259765,0.07147860527038574
639,639,639,0.0,0.0015039443969726,0.0075147151947021,0.06347370147705078
640,640,640,0.0,0.0042331218719482,0.0120408535003662,0.06895899772644043
641,641,641,0.0039668083190917,0.0,0.0079612731933593,0.05823659896850586
642,642,642,0.0,0.0040674209594726,0.0079977512359619,0.04985785484313965
643,643,643,0.0,0.0039379596710205,0.0083775520324707,0.05470442771911621
644,644,644,0.0040755271911621,0.0040004253387451,0.008094310760498,0.04611325263977051
645,645,645,0.0,0.0,0.0099873542785644,0.052858591079711914
646,646,646,0.0,0.0040087699890136,0.0060136318206787,0.04893302917480469
647,647,647,0.0040328502655029,0.0040502548217773,0.010289192199707,0.050127267837524414
648,648,648,0.0,0.0021727085113525,0.0061171054840087,0.04205822944641113
649,649,649,0.0,0.0020058155059814,0.0120859146118164,0.05056333541870117
650,650,650,0.0038986206054687,0.0040051937103271,0.0079245567321777,0.05989217758178711
651,651,651,0.0,0.0,0.0080018043518066,0.059651851654052734
652,652,652,0.0,0.0054078102111816,0.012007713317871,0.05328702926635742
653,653,653,0.0039730072021484,0.0030074119567871,0.0080022811889648,0.05775856971740723
654,654,654,0.0,0.0024197101593017,0.0081403255462646,0.059422969818115234
655,655,655,0.0,0.0020058155059814,0.0080986022949218,0.06268548965454102
656,656,656,0.004004955291748,0.0040767192840576,0.0079095363616943,0.07129073143005371
657,657,657,0.0,0.0,0.0080454349517822,0.08462858200073242
658,658,658,0.0,0.0040092468261718,0.0121059417724609,0.06226325035095215
659,659,659,0.0,0.0039987564086914,0.0086994171142578,0.07063937187194824
660,660,660,0.0039954185485839,0.004004955291748,0.0080072879791259,0.06340217590332031
661,661,661,0.0,0.0,0.0121116638183593,0.08331751823425293
662,662,662,0.0,0.0039968490600585,0.0127372741699218,0.07402896881103516
663,663,663,0.004000186920166,0.0039973258972167,0.0075998306274414,0.07263779640197754
664,664,664,0.0,0.0040071010589599,0.012009859085083,0.06958150863647461
665,665,665,0.0,0.0,0.0080008506774902,0.07663440704345703
666,666,666,0.0040922164916992,0.0040037631988525,0.0119993686676025,0.07266354560852051
667,667,667,0.0,0.005094289779663,0.012441873550415,0.07673263549804688
668,668,668,0.0039393901824951,0.003005027770996,0.0093128681182861,0.07158112525939941
669,669,669,0.0,0.0,0.00819993019104,0.07463574409484863
670,670,670,0.0,0.0040082931518554,0.0084106922149658,0.08043408393859863
671,671,671,0.0039741992950439,0.0044028759002685,0.012256383895874,0.0747995376586914
672,672,672,0.0020058155059814,0.0009238719940185,0.007885456085205,0.0673210620880127
673,673,673,0.0,0.0035107135772705,0.0079994201660156,0.06318783760070801
674,674,674,0.0020911693572998,0.004007339477539,0.0080013275146484,0.06854414939880371
675,675,675,0.0,0.0,0.0085148811340332,0.05345654487609863
676,676,676,0.0040054321289062,0.0040011405944824,0.0093047618865966,0.07529926300048828
677,677,677,0.0,0.0039989948272705,0.0065321922302246,0.07004284858703613
678,678,678,0.0040044784545898,0.0011875629425048,0.0120069980621337,0.05545520782470703
679,679,679,0.0,0.0030062198638916,0.0080082416534423,0.057164669036865234
680,680,680,0.0,0.0040080547332763,0.0130329132080078,0.06476593017578125
681,681,681,0.004000186920166,0.0,0.0120081901550292,0.06665635108947754
682,682,682,0.0,0.0043435096740722,0.008190631866455,0.06735610961914062
683,683,683,0.0,0.0040082931518554,0.0120899677276611,0.06983733177185059
684,684,684,0.0039985179901123,0.0,0.0079190731048583,0.10104727745056152
685,685,685,0.0,0.0039999485015869,0.00860595703125,0.057060956954956055
686,686,686,0.0,0.0040009021759033,0.008012056350708,0.058693647384643555
687,687,687,0.0040056705474853,0.0,0.0082259178161621,0.05760359764099121
688,688,688,0.0,0.0044479370117187,0.0101752281188964,0.06273674964904785
689,689,689,0.0,0.0040090084075927,0.0088343620300292,0.0745398998260498
690,690,690,0.0039958953857421,0.0039997100830078,0.0106220245361328,0.07950401306152344
691,691,691,0.0,0.0,0.0080089569091796,0.05162167549133301
692,692,692,0.0,0.0039997100830078,0.0080013275146484,0.049829959869384766
693,693,693,0.0039987564086914,0.0041046142578125,0.0080115795135498,0.05688047409057617
694,694,694,0.0,0.0038962364196777,0.0079867839813232,0.048491477966308594
695,695,695,0.0039966106414794,0.0,0.008270263671875,0.06178140640258789
696,696,696,0.0,0.004000186920166,0.012007713317871,0.07799839973449707
697,697,697,0.0,0.0040793418884277,0.0080430507659912,0.05593061447143555
698,698,698,0.0040023326873779,0.0040061473846435,0.0080072879791259,0.05380725860595703
699,699,699,0.0,0.0,0.0080006122589111,0.07828736305236816
700,700,700,0.0,0.0040013790130615,0.0101373195648193,0.07293891906738281
701,701,701,0.0,0.0039992332458496,0.0110180377960205,0.07361984252929688
702,702,702,0.0040791034698486,0.0031437873840332,0.0075178146362304,0.049845218658447266
703,703,703,0.0,0.0010061264038085,0.0120007991790771,0.0681309700012207
704,704,704,0.0,0.0040075778961181,0.0123805999755859,0.0751335620880127
705,705,705,0.0039293766021728,0.0040595531463623,0.0122342109680175,0.0720973014831543
706,706,706,0.0,0.0,0.0080115795135498,0.07384419441223145
707,707,707,0.0,0.0039441585540771,0.0122187137603759,0.06602215766906738
708,708,708,0.0,0.0039954185485839,0.0080094337463378,0.05107927322387695
709,709,709,0.0040764808654785,0.0,0.0119991302490234,0.09928703308105469
710,710,710,0.0,0.0039985179901123,0.0083086490631103,0.046341657638549805
711,711,711,0.0,0.0,0.00950288772583,0.0534822940826416
712,712,712,0.0039966106414794,0.0059483051300048,0.0110185146331787,0.048270463943481445
713,713,713,0.0,0.0025050640106201,0.0082554817199707,0.07483363151550293
714,714,714,0.0039308071136474,0.0,0.0080091953277587,0.06637382507324219
715,715,715,0.0,0.0040075778961181,0.0080001354217529,0.09788870811462402
716,716,716,0.0,0.0039994716644287,0.0082764625549316,0.05449795722961426
717,717,717,0.0039865970611572,0.0,0.0123679637908935,0.06622743606567383
718,718,718,0.0,0.0039994716644287,0.0039060115814208,0.07733988761901855
719,719,719,0.0,0.0045645236968994,0.0085742473602294,0.0809175968170166
720,720,720,0.0040078163146972,0.0,0.010005235671997,0.06674051284790039
721,721,721,0.0,0.0040082931518554,0.0065104961395263,0.060599565505981445
722,722,722,0.0039918422698974,0.0040068626403808,0.0083258152008056,0.03456854820251465
723,723,723,0.0,0.0,0.0127696990966796,0.0715341567993164
724,724,724,0.0040028095245361,0.0040590763092041,0.0080940723419189,0.06935524940490723
725,725,725,0.0,0.0039765834808349,0.011913776397705,0.07895541191101074
726,726,726,0.0,0.0,0.0080056190490722,0.06139016151428223
727,727,727,0.0041007995605468,0.0039577484130859,0.0084843635559082,0.0801687240600586
728,728,728,0.0,0.0039994716644287,0.0080113410949707,0.07123494148254395
729,729,729,0.0039849281311035,0.0040009021759033,0.0079984664916992,0.0987846851348877
730,730,730,0.0,0.0,0.0114977359771728,0.06712889671325684
731,731,731,0.0,0.0040020942687988,0.0045535564422607,0.07551217079162598
732,732,732,0.0039989948272705,0.0039980411529541,0.011399507522583,0.08617711067199707
733,733,733,0.0,0.0043771266937255,0.0051383972167968,0.06642365455627441
734,734,734,0.0041220188140869,0.0,0.0105547904968261,0.06087517738342285
735,735,735,0.0,0.0040090084075927,0.0082676410675048,0.05018448829650879
736,736,736,0.0039279460906982,0.0039973258972167,0.0066320896148681,0.0939478874206543
737,737,737,0.0,0.0,0.0117161273956298,0.07471561431884766
738,738,738,0.0,0.0054738521575927,0.0080070495605468,0.06871628761291504
739,739,739,0.0040409564971923,0.0030057430267333,0.0081775188446044,0.05489039421081543
740,740,740,0.0020098686218261,0.0,0.0083873271942138,0.049913883209228516
741,741,741,0.002007246017456,0.0040075778961181,0.0086686611175537,0.056043148040771484
742,742,742,0.0,0.0040009021759033,0.0115206241607666,0.054971933364868164
743,743,743,0.0040493011474609,0.003997802734375,0.0086965560913085,0.07829904556274414
744,744,744,0.0,0.0,0.0075182914733886,0.06355547904968262
745,745,745,0.0039660930633544,0.0039997100830078,0.0090041160583496,0.0780336856842041
746,746,746,0.0,0.0040011405944824,0.007012128829956,0.07271528244018555
747,747,747,0.0,0.0,0.0088493824005126,0.07446551322937012
748,748,748,0.0039935111999511,0.0040113925933837,0.0083358287811279,0.08594703674316406
749,749,749,0.0,0.0039906501770019,0.0115108489990234,0.07575702667236328
750,750,750,0.0040850639343261,0.0,0.0079996585845947,0.06994771957397461
751,751,751,0.0,0.0039968490600585,0.0084455013275146,0.07665824890136719
752,752,752,0.0039150714874267,0.0041136741638183,0.008000373840332,0.06953215599060059
753,753,753,0.0,0.0018744468688964,0.0083973407745361,0.061949729919433594
754,754,754,0.0040113925933837,0.0025076866149902,0.0080094337463378,0.06215071678161621
755,755,755,0.0,0.0040273666381835,0.0079970359802246,0.07817196846008301
756,756,756,0.0,0.0,0.0080063343048095,0.053385257720947266
757,757,757,0.0039904117584228,0.0039803981781005,0.0103061199188232,0.06817436218261719
758,758,758,0.0,0.004000186920166,0.0080568790435791,0.0807487964630127
759,759,759,0.0,0.0,0.0042297840118408,0.08047890663146973
760,760,760,0.0040829181671142,0.0045642852783203,0.0125632286071777,0.05478549003601074
761,761,761,0.0,0.0035054683685302,0.0080881118774414,0.0846107006072998
762,762,762,0.0039196014404296,0.0040082931518554,0.0079197883605957,0.052922725677490234
763,763,763,0.0,0.0,0.0082461833953857,0.06962013244628906
764,764,764,0.0,0.0040867328643798,0.0080082416534423,0.07750773429870605
765,765,765,0.0039966106414794,0.0039179325103759,0.0101807117462158,0.06609797477722168
766,766,766,0.0009698867797851,0.0,0.0060184001922607,0.08255481719970703
767,767,767,0.0,0.0039954185485839,0.0084130764007568,0.08395504951477051
768,768,768,0.0,0.0039997100830078,0.0080077648162841,0.10143494606018066
769,769,769,0.0035052299499511,0.0039989948272705,0.0084068775177001,0.06777143478393555
770,770,770,0.0,0.0040063858032226,0.0120060443878173,0.05432629585266113
771,771,771,0.0,0.0,0.0080020427703857,0.06142306327819824
772,772,772,0.0040071010589599,0.0040018558502197,0.0098962783813476,0.08112621307373047
773,773,773,0.0,0.0045473575592041,0.0066142082214355,0.07975554466247559
774,774,774,0.0,0.0,0.0098891258239746,0.04514956474304199
775,775,775,0.0040919780731201,0.0040154457092285,0.0065140724182128,0.0853276252746582
776,776,776,0.0,0.0039985179901123,0.0079994201660156,0.05318117141723633
777,777,777,0.0039515495300292,0.0,0.0120244026184082,0.051569223403930664
778,778,778,0.0,0.0039920806884765,0.008451223373413,0.05240917205810547
779,779,779,0.0,0.0040011405944824,0.0081191062927246,0.06060433387756348
780,780,780,0.0039570331573486,0.0,0.008028507232666,0.05035591125488281
781,781,781,0.0040509700775146,0.0040006637573242,0.0047965049743652,0.05283665657043457
782,782,782,0.0,0.0039989948272705,0.012056827545166,0.05813908576965332
783,783,783,0.0039546489715576,0.0040004253387451,0.0085630416870117,0.05812239646911621
784,784,784,0.0,0.0,0.0080111026763916,0.061377763748168945
785,785,785,0.0039927959442138,0.0039985179901123,0.008002758026123,0.057013750076293945
786,786,786,0.0040149688720703,0.0040051937103271,0.0086064338684082,0.042002201080322266
787,787,787,0.0,0.0005428791046142,0.007920503616333,0.05412411689758301
788,788,788,0.003986120223999,0.0035066604614257,0.0082921981811523,0.051009416580200195
789,789,789,0.0,0.0040197372436523,0.0081417560577392,0.042551279067993164
790,790,790,0.0040054321289062,0.0014858245849609,0.008007526397705,0.06018424034118652
791,791,791,0.0,0.0030097961425781,0.0105645656585693,0.06061816215515137
792,792,792,0.0,0.0021038055419921,0.0070180892944335,0.060446739196777344
793,793,793,0.0,0.0020029544830322,0.0083856582641601,0.057521820068359375
794,794,794,0.0040915012359619,0.0,0.0106079578399658,0.05902671813964844
795,795,795,0.0,0.0043115615844726,0.008167028427124,0.05153512954711914
796,796,796,0.0,0.0040106773376464,0.0082998275756835,0.04972267150878906
797,797,797,0.0039200782775878,0.0,0.0084660053253173,0.04809451103210449
798,798,798,0.0,0.0039966106414794,0.0085053443908691,0.0422515869140625
799,799,799,0.0,0.0040004253387451,0.0084161758422851,0.05835723876953125
800,800,800,0.003997802734375,0.0015761852264404,0.010009765625,0.049750328063964844
801,801,801,0.0,0.0025115013122558,0.0061023235321044,0.06801962852478027
802,802,802,0.0015089511871337,0.0040085315704345,0.0098507404327392,0.05475187301635742
803,803,803,0.0025436878204345,0.0,0.0106070041656494,0.053732872009277344
804,804,804,0.0,0.0042147636413574,0.0082995891571044,0.04196906089782715
805,805,805,0.0,0.0040085315704345,0.0080001354217529,0.055019378662109375
806,806,806,0.0,0.0,0.0079977512359619,0.06327176094055176
807,807,807,0.0040876865386962,0.0040087699890136,0.0083925724029541,0.06161093711853027
808,808,808,0.0,0.0040137767791748,0.0080113410949707,0.06907415390014648
809,809,809,0.0039184093475341,0.0,0.0094881057739257,0.08251428604125977
810,810,810,0.0,0.0064947605133056,0.0070183277130126,0.07479095458984375
811,811,811,0.0,0.0015068054199218,0.0079941749572753,0.05853891372680664
812,812,812,0.0040812492370605,0.0042481422424316,0.008000373840332,0.0522153377532959
813,813,813,0.0,0.0,0.0079989433288574,0.059783220291137695
814,814,814,0.0039591789245605,0.0040080547332763,0.0120096206665039,0.06052422523498535
815,815,815,0.0,0.0040111541748046,0.0079984664916992,0.07058930397033691
816,816,816,0.0,0.0,0.0095946788787841,0.06411457061767578
817,817,817,0.0039670467376708,0.0039873123168945,0.007742166519165,0.06538224220275879
818,818,818,0.0,0.0040888786315917,0.0093936920166015,0.07237076759338379
819,819,819,0.0,0.0039126873016357,0.0088608264923095,0.08298730850219727
820,820,820,0.0039939880371093,0.0,0.0095992088317871,0.07557296752929688
821,821,821,0.0,0.0039989948272705,0.007401704788208,0.05894660949707031
822,822,822,0.0,0.0040011405944824,0.0116536617279052,0.06269526481628418
823,823,823,0.0,0.0,0.0081794261932373,0.06400108337402344
824,824,824,0.0040009021759033,0.0040042400360107,0.0081946849822998,0.08850479125976562
825,825,825,0.0,0.003995656967163,0.0083968639373779,0.07471752166748047
826,826,826,0.0039992332458496,0.0017902851104736,0.0122506618499755,0.07890701293945312
827,827,827,0.0,0.0025076866149902,0.0086030960083007,0.07498860359191895
828,828,828,0.0,0.0040476322174072,0.0093920230865478,0.05917692184448242
829,829,829,0.0,0.0,0.0102412700653076,0.05720806121826172
830,830,830,0.0040035247802734,0.003960371017456,0.0086293220520019,0.0681142807006836
831,831,831,0.0,0.0039985179901123,0.0056886672973632,0.06429910659790039
832,832,832,0.0039961338043212,0.0,0.0076913833618164,0.06677842140197754
833,833,833,0.0,0.0040006637573242,0.0099050998687744,0.07817983627319336
834,834,834,0.0,0.0040884017944335,0.0094969272613525,0.08000540733337402
835,835,835,0.0040352344512939,0.0039122104644775,0.0245509147644042,0.08297252655029297
836,836,836,0.0,0.00179123878479,0.0293679237365722,0.08316373825073242
837,837,837,0.0,0.0025086402893066,0.0101847648620605,0.07435393333435059
838,838,838,0.0,0.0040059089660644,0.0088319778442382,0.07923221588134766
839,839,839,0.0040483474731445,0.0040023326873779,0.0108208656311035,0.05857062339782715
840,840,840,0.0,0.0019290447235107,0.0084631443023681,0.0813896656036377
841,841,841,0.0,0.0025060176849365,0.0059950351715087,0.0706934928894043
842,842,842,0.0039980411529541,0.0040099620819091,0.0087466239929199,0.08480572700500488
843,843,843,0.0,0.0,0.008244514465332,0.08297419548034668
844,844,844,0.0,0.0047452449798583,0.0084064006805419,0.09522557258605957
845,845,845,0.0040216445922851,0.0035052299499511,0.0085141658782958,0.060018062591552734
846,846,846,0.0,0.0010063648223876,0.0080018043518066,0.06152033805847168
847,847,847,0.0,0.003005027770996,0.0080611705780029,0.06841278076171875
848,848,848,0.0039317607879638,0.0045504570007324,0.007993459701538,0.07718777656555176
849,849,849,0.0,0.0035071372985839,0.0079998970031738,0.08166909217834473
850,850,850,0.0040009021759033,0.0,0.008803367614746,0.06676840782165527
851,851,851,0.0,0.0040092468261718,0.0075929164886474,0.06927680969238281
852,852,852,0.0,0.0039989948272705,0.008305549621582,0.0673220157623291
853,853,853,0.0,0.0,0.0070142745971679,0.051825523376464844
854,854,854,0.0040438175201416,0.0040018558502197,0.0079970359802246,0.08393383026123047
855,855,855,0.0,0.003997802734375,0.0083773136138916,0.07569289207458496
856,856,856,0.0,0.0,0.0080118179321289,0.07288026809692383
857,857,857,0.0040221214294433,0.0040633678436279,0.0117826461791992,0.0697026252746582
858,858,858,0.0,0.0039398670196533,0.0080025196075439,0.06670618057250977
859,859,859,0.0,0.0039987564086914,0.0078401565551757,0.06739544868469238
860,860,860,0.0038974285125732,0.0,0.0075347423553466,0.07458233833312988
861,861,861,0.0,0.0039989948272705,0.0084459781646728,0.06643390655517578
862,862,862,0.0,0.0039994716644287,0.008002758026123,0.0836937427520752
863,863,863,0.0040018558502197,0.0,0.0087795257568359,0.07169365882873535
864,864,864,0.0,0.0043780803680419,0.0093724727630615,0.07466411590576172
865,865,865,0.0,0.0040071010589599,0.0082008838653564,0.06633949279785156
866,866,866,0.0039987564086914,0.0018939971923828,0.0071470737457275,0.06826639175415039
867,867,867,0.0,0.0025050640106201,0.0050723552703857,0.0614924430847168
868,868,868,0.0,0.0043249130249023,0.0086569786071777,0.08190798759460449
869,869,869,0.0040335655212402,0.0,0.0090138912200927,0.0934305191040039
870,870,870,0.0,0.0040059089660644,0.0070130825042724,0.0701901912689209
871,871,871,0.0,0.0040907859802246,0.0080010890960693,0.07471275329589844
872,872,872,0.0,0.0039093494415283,0.0079994201660156,0.06283140182495117
873,873,873,0.0039718151092529,0.0,0.0079989433288574,0.07738327980041504
874,874,874,0.0,0.0040011405944824,0.0080008506774902,0.08675408363342285
875,875,875,0.0,0.0040342807769775,0.0080001354217529,0.061812400817871094
876,876,876,0.0040028095245361,0.0,0.0123710632324218,0.07585883140563965
877,877,877,0.0015063285827636,0.0043685436248779,0.0079100131988525,0.06534314155578613
878,878,878,0.0,0.0,0.0053191184997558,0.06472444534301758
879,879,879,0.002504825592041,0.0040104389190673,0.0085089206695556,0.08036136627197266
880,880,880,0.0,0.0040423870086669,0.0081913471221923,0.07601690292358398
881,881,881,0.0,0.0035088062286376,0.0086920261383056,0.08119440078735352
882,882,882,0.0,0.0,0.007521629333496,0.05521965026855469
883,883,883,0.0040125846862792,0.0040078163146972,0.0079965591430664,0.0673675537109375
884,884,884,0.0,0.0039989948272705,0.0079998970031738,0.05787491798400879
885,885,885,0.0,0.000748872756958,0.0080053806304931,0.05077648162841797
886,886,886,0.0039935111999511,0.0035102367401123,0.0079975128173828,0.07314372062683105
887,887,887,0.0,0.0,0.007997989654541,0.07493400573730469
888,888,888,0.0040035247802734,0.0,0.0079998970031738,0.06512784957885742
889,889,889,0.0,0.0039582252502441,0.0080015659332275,0.07059955596923828
890,890,890,0.0,0.0,0.0079987049102783,0.05231189727783203
891,891,891,0.0,0.0040018558502197,0.0082504749298095,0.0712733268737793
892,892,892,0.0040783882141113,0.0039982795715332,0.008615493774414,0.07989120483398438
893,893,893,0.0,0.0,0.0104169845581054,0.06404471397399902
894,894,894,0.0,0.0040032863616943,0.0081322193145751,0.058094024658203125
895,895,895,0.0039212703704833,0.0039963722229003,0.0091071128845214,0.08108949661254883
896,896,896,0.0,0.0,0.0061447620391845,0.07784390449523926
897,897,897,0.0,0.0040004253387451,0.0103511810302734,0.06304454803466797
898,898,898,0.0039982795715332,0.0039987564086914,0.0065414905548095,0.06302547454833984
899,899,899,0.0,0.0,0.0067863464355468,0.08354330062866211
900,900,900,0.0,0.0040035247802734,0.0111398696899414,0.07720303535461426
901,901,901,0.0,0.0040338039398193,0.0084245204925537,0.09009838104248047
902,902,902,0.0040829181671142,0.0,0.0080358982086181,0.06305122375488281
903,903,903,0.0,0.0041878223419189,0.0095329284667968,0.05278635025024414
904,904,904,0.0,0.0040063858032226,0.007282018661499,0.0887296199798584
905,905,905,0.0039262771606445,0.0040054321289062,0.0080575942993164,0.0999135971069336
906,906,906,0.0,0.0,0.0072042942047119,0.07922816276550293
907,907,907,0.0,0.0043675899505615,0.0092551708221435,0.05809497833251953
908,908,908,0.0039906501770019,0.0,0.0054178237915039,0.06434845924377441
909,909,909,0.0,0.0040640830993652,0.0115802288055419,0.0768270492553711
910,910,910,0.0,0.0039429664611816,0.0070927143096923,0.06819009780883789
911,911,911,0.0,0.0015871524810791,0.0082983970642089,0.062096357345581055
912,912,912,0.0040874481201171,0.0025045871734619,0.0083494186401367,0.0746760368347168
913,913,913,0.0,0.0040063858032226,0.0093524456024169,0.07353758811950684
914,914,914,0.0,0.0,0.0083484649658203,0.06959319114685059
915,915,915,0.003993272781372,0.0040123462677001,0.0052318572998046,0.06647467613220215
916,916,916,0.0,0.003995656967163,0.0079984664916992,0.0726768970489502
917,917,917,0.0,0.0039985179901123,0.0080060958862304,0.06947708129882812
918,918,918,0.0039179325103759,0.0030052661895751,0.013761281967163,0.056468963623046875
919,919,919,0.0,0.0012972354888916,0.0074052810668945,0.05623674392700195
920,920,920,0.0,0.0040280818939208,0.0080080032348632,0.0764012336730957
921,921,921,0.0040059089660644,0.0040478706359863,0.0079984664916992,0.08069849014282227
922,922,922,0.0,0.0,0.0080792903900146,0.08533835411071777
923,923,923,0.0,0.0039291381835937,0.0080006122589111,0.06641292572021484
924,924,924,0.0040552616119384,0.0040020942687988,0.0080008506774902,0.061341285705566406
925,925,925,0.0,0.0,0.0040018558502197,0.049538612365722656
926,926,926,0.0,0.004000186920166,0.0122652053833007,0.06019854545593262
927,927,927,0.0039384365081787,0.0039992332458496,0.0081343650817871,0.05634737014770508
928,928,928,0.0,0.0,0.0080068111419677,0.06943106651306152
929,929,929,0.0,0.0039994716644287,0.004007339477539,0.0612790584564209
930,930,930,0.0,0.0040006637573242,0.0095114707946777,0.04880690574645996
931,931,931,0.0040006637573242,0.0,0.0065202713012695,0.05667924880981445
932,932,932,0.0,0.0039992332458496,0.0079927444458007,0.0503690242767334
933,933,933,0.0,0.0040414333343505,0.008000373840332,0.05806565284729004
934,934,934,0.004000186920166,0.0,0.0083580017089843,0.059594154357910156
935,935,935,0.0,0.003957986831665,0.0080018043518066,0.06597113609313965
936,936,936,0.0,0.0039999485015869,0.0079984664916992,0.05250954627990723
937,937,937,0.004000186920166,0.0040009021759033,0.0123226642608642,0.05889272689819336
938,938,938,0.0,0.0,0.0077996253967285,0.04907727241516113
939,939,939,0.0018775463104248,0.0039987564086914,0.0092191696166992,0.06125211715698242
940,940,940,0.0,0.0043675899505615,0.0088837146759033,0.05114340782165527
941,941,941,0.0025849342346191,0.0,0.0079874992370605,0.060494422912597656
942,942,942,0.0,0.0045211315155029,0.0086469650268554,0.049858808517456055
943,943,943,0.0,0.0035104751586914,0.0071363449096679,0.05941462516784668
944,944,944,0.004004955291748,0.0013134479522705,0.006406545639038,0.06648778915405273
945,945,945,0.0,0.003007173538208,0.0116114616394042,0.04986929893493652
946,946,946,0.0,0.0040061473846435,0.0082712173461914,0.055724382400512695
947,947,947,0.0040650367736816,0.0040962696075439,0.0083203315734863,0.05095386505126953
948,948,948,0.0,0.0,0.0094521045684814,0.05001497268676758
949,949,949,0.0,0.0039660930633544,0.0083117485046386,0.05598306655883789
950,950,950,0.0,0.0040044784545898,0.0114729404449462,0.06574273109436035
951,951,951,0.004004955291748,0.0010349750518798,0.0080645084381103,0.0570681095123291
952,952,952,0.0,0.0030040740966796,0.010059118270874,0.04995417594909668
953,953,953,0.0,0.0040054321289062,0.0116412639617919,0.05006003379821777
954,954,954,0.0039992332458496,0.002004861831665,0.0082650184631347,0.04793095588684082
955,955,955,0.0,0.0020904541015625,0.0084202289581298,0.07781076431274414
956,956,956,0.0,0.0,0.0098352432250976,0.0791323184967041
957,957,957,0.0,0.0050981044769287,0.0068764686584472,0.06783604621887207
958,958,958,0.0050396919250488,0.0,0.0057377815246582,0.08538150787353516
959,959,959,0.0,0.0035171508789062,0.0107879638671875,0.07696008682250977
960,960,960,0.0,0.0040063858032226,0.0084400177001953,0.06413817405700684
961,961,961,0.0030047893524169,0.0,0.0083479881286621,0.07115435600280762
962,962,962,0.0,0.0040020942687988,0.0082604885101318,0.05737113952636719
963,963,963,0.0,0.0039989948272705,0.0093653202056884,0.06345891952514648
964,964,964,0.0040071010589599,0.0039997100830078,0.0101613998413085,0.06893730163574219
965,965,965,0.0,0.0,0.0096087455749511,0.06683158874511719
966,966,966,0.0,0.0040109157562255,0.0083391666412353,0.09209656715393066
967,967,967,0.0040006637573242,0.0042989253997802,0.009047508239746,0.07479310035705566
968,968,968,0.0,0.0,0.0082688331604003,0.0650780200958252
969,969,969,0.0039992332458496,0.0040075778961181,0.009289264678955,0.07177472114562988
970,970,970,0.0,0.0017039775848388,0.0073447227478027,0.07494068145751953
971,971,971,0.0040011405944824,0.0025050640106201,0.0084500312805175,0.0631556510925293
972,972,972,0.0,0.0041038990020751,0.0083346366882324,0.06889677047729492
973,973,973,0.0,0.003904104232788,0.0084083080291748,0.07495427131652832
974,974,974,0.0039997100830078,0.0,0.0115458965301513,0.05706644058227539
975,975,975,0.0,0.0040020942687988,0.0080938339233398,0.08641886711120605
976,976,976,0.0040016174316406,0.003997802734375,0.0113275051116943,0.05091595649719238
977,977,977,0.0,0.0,0.0057590007781982,0.0863957405090332
978,978,978,0.004000186920166,0.0039994716644287,0.0100743770599365,0.05749988555908203
979,979,979,0.0,0.0040006637573242,0.0066869258880615,0.07127547264099121
980,980,980,0.0040016174316406,0.0,0.0124728679656982,0.07652926445007324
981,981,981,0.0,0.0040059089660644,0.0082015991210937,0.06620979309082031
982,982,982,0.0,0.0040340423583984,0.0083241462707519,0.07681107521057129
983,983,983,0.0040853023529052,0.0040099620819091,0.0084843635559082,0.06675410270690918
984,984,984,0.0,0.0,0.0082876682281494,0.07539057731628418
985,985,985,0.0039906501770019,0.0039973258972167,0.0084292888641357,0.09127044677734375
986,986,986,0.0,0.0041501522064208,0.0082900524139404,0.06627678871154785
987,987,987,0.0,0.0,0.0098869800567626,0.07941317558288574
988,988,988,0.0040113925933837,0.0040054321289062,0.0067954063415527,0.09160089492797852
989,989,989,0.0,0.0040035247802734,0.011871337890625,0.06496214866638184
990,990,990,0.0039827823638916,0.0,0.0083725452423095,0.07425928115844727
991,991,991,0.0,0.0045084953308105,0.0083107948303222,0.07064175605773926
992,992,992,0.0039267539978027,0.0040466785430908,0.0081005096435546,0.08056259155273438
993,993,993,0.0,0.0,0.0082879066467285,0.05936074256896973
994,994,994,0.0,0.0040450096130371,0.0135018825531005,0.06671309471130371
995,995,995,0.004096508026123,0.0039143562316894,0.0083043575286865,0.07384562492370605
996,996,996,0.0,0.0,0.0082714557647705,0.07855868339538574
997,997,997,0.0039064884185791,0.0040390491485595,0.0083372592926025,0.10281586647033691
998,998,998,0.0,0.0039620399475097,0.0085945129394531,0.07753944396972656
999,999,999,0.0,0.0,0.0617899894714355,0.06289458274841309
